policy,n_episodes,mean_final_equity,median_final_equity,mean_max_drawdown,median_max_drawdown
ppo,50,1.0393454996012814,1.0673436545552715,0.2473608038387671,0.14861824550019248
buy_hold,50,1.0855196848913813,1.1230186320433144,0.27699636294469576,0.19693750783302255
flat,50,1.0,1.0,0.0,0.0
avoid_earnings,50,1.0465233419614752,1.0492127093817878,0.2549475456869737,0.1584668594360918
